route_id,source_id,target_id,mode,distance_km,base_time_min,capacity,bidirectional
R_TR01,ST01,ST04,TRAIN,18.0,22.0,500,true
R_TR02,ST04,ST05,TRAIN,2.5,4.0,600,true
R_TR03,ST05,ST11,TRAIN,3.5,6.0,350,true
R_TR04,ST05,ST12,TRAIN,5.0,7.0,550,true
R_BUS01,ST01,ST02,BUS,3.5,8.0,80,true
R_BUS02,ST02,ST03,BUS,4.5,12.0,80,true
R_BUS03,ST03,ST10,BUS,6.0,15.0,80,true
R_BUS04,ST10,ST06,BUS,3.0,8.0,85,true
R_BUS05,ST05,ST06,BUS,1.0,3.0,90,true
R_BUS06,ST06,ST04,BUS,1.8,5.0,85,true
R_BUS07,ST04,ST07,BUS,8.5,20.0,80,true
R_BUS08,ST07,ST08,BUS,4.0,10.0,80,true
R_BUS09,ST12,ST09,BUS,1.5,4.0,75,true
R_BUS10,ST09,ST10,BUS,2.5,7.0,75,true
R_BUS11,ST03,ST09,BUS,5.0,14.0,80,true
R_BUS12,ST10,ST04,BUS,2.8,7.0,80,true
